{"id":{"0":0,"1":1,"2":2,"3":3,"4":4,"5":5,"6":6,"7":7,"8":8,"9":9},"b":{"0":1.1062658203,"1":-1.612778304,"2":-0.2648785906,"3":-0.2131373698,"4":-0.1843082343,"5":0.4238439224,"6":-0.7230616851,"7":-0.0424193585,"8":-0.9076060266,"9":-0.7441255949},"c":{"0":"hippo","1":"cat","2":"cat","3":"cat","4":"hippo","5":"cat","6":"hippo","7":"dog","8":"hippo","9":"dog"}}