id,b,c
0,1.1062658202604014,hippo
1,-1.6127783040103616,cat
2,-0.2648785906147429,cat
3,-0.21313736984511494,cat
4,-0.18430823431081234,hippo
5,0.42384392241263874,cat
6,-0.7230616851397292,hippo
7,-0.042419358476374014,dog
8,-0.907606026555985,hippo
9,-0.7441255948615291,dog
